,Row Labels,B0,F0,S0,U0,B10,F10,S10,U10,B20,F20,S20,U20,B30,F30,S30,U30,B40,F40,S40,U40,B50,F50,S50,U50,B60,F60,S60,U60,B70,F70,S70,U70,B80,F80,S80,U80,B90,F90,S90,U90,B100,F100,S100,U100
1,2,0,0,0,0,0,100,100,7.142857143,0,100,0,30,66.66666667,100,80,33.33333333,0,100,0,20,33.33333333,100,,33.33333333,33.33333333,88.88888889,20,0,40,100,75,0,63.63636364,80,75,0,83.33333333,100,100,0,100,100,88.88888889,0
1,3,50,100,100,8.108108108,0,0,100,0,0,0,0,50,0,100,100,0,0,100,66.66666667,0,0,100,40,0,37.5,100,71.42857143,0,66.66666667,100,75,0,18.18181818,71.42857143,50,0,0,100,100,0,40,100,100,0
1,4,0,0,100,5.555555556,0,100,100,0,0,0,100,0,0,0,0,100,0,0,0,0,0,100,0,0,0,0,0,0,0,0,0,0,50,0,0,0,0,0,100,0,18.18181818,48.64864865,31.42857143,25
1,5,66.66666667,33.33333333,100,0,0,100,0,6.451612903,100,0,33.33333333,0,0,0,0,0,0,100,0,0,75,0,100,100,60,100,50,0,42.85714286,75,71.42857143,0,33.33333333,100,100,0,14.28571429,50,81.81818182,0,33.33333333,73.33333333,75,0
1,6,0,0,0,0,0,0,0,0,0,0,0,0,0,50,0,9.090909091,0,0,100,25,16.66666667,71.42857143,100,66.66666667,0,57.14285714,0,0,40,83.33333333,66.66666667,0,20,87.5,63.63636364,100,55.55555556,100,50,0,42.85714286,80,85.71428571,0
1,7,0,0,0,0,33.33333333,0,0,11.53846154,0,100,0,0,0,75,0,0,33.33333333,100,0,0,100,100,100,0,0,0,0,0,0,100,100,0,66.66666667,75,66.66666667,0,57.14285714,85.71428571,66.66666667,0,43.75,68.75,76.47058824,0
1,8,0,100,0,0,33.33333333,0,100,0,0,33.33333333,0,0,0,0,60,0,11.11111111,40,50,10,21.42857143,50,33.33333333,0,20,30.76923077,46.15384615,0,33.33333333,87.5,44.44444444,0,0,50,100,0,0,0,100,0,0,0,0,0
1,10,0,0,0,0,0,50,0,0,0,0,0,0,0,100,0,0,0,0,0,0,0,0,50,0,0,0,100,0,0,0,50,100,25,75,40,0,0,33.33333333,33.33333333,0,12,46.15384615,46.15384615,0
1,11,0,0,0,10,0,0,100,0,0,0,0,0,0,100,0,0,100,100,100,0,0,40,0,0,50,50,0,0,0,0,0,0,11.11111111,50,33.33333333,0,33.33333333,100,25,0,16.66666667,47.61904762,56,0
1,13,0,0,0,0,0,100,0,0,0,0,0,25,0,0,0,0,50,50,100,25,33.33333333,100,50,0,50,40,50,33.33333333,55.55555556,80,40,50,33.33333333,75,40,0,66.66666667,84.61538462,69.23076923,0,0,100,40,0
1,14,0,0,100,0,0,0,50,66.66666667,0,0,0,0,0,0,50,20,0,100,50,25,69.23076923,71.42857143,100,7.142857143,50,100,0,0,40,75,100,0,25,70,83.33333333,0,0,66.66666667,70,0,100,100,60,0
1,15,0,0,0,0,0,0,0,0,0,0,0,0,0,0,0,0,0,0,0,0,0,33.33333333,66.66666667,0,0,25,0,0,0,0,33.33333333,0,0,0,0,0,0,0,33.33333333,0,5.555555556,38.88888889,14.28571429,0
1,16,0,0,0,0,20,0,50,0,0,50,0,8.333333333,20,0,66.66666667,0,66.66666667,25,0,0,20,100,25,0,0,50,71.42857143,25,20,85.71428571,100,0,25,70,80,0,66.66666667,100,88.88888889,0,25,50,100,0
1,17,0,0,0,25,0,66.66666667,50,0,33.33333333,33.33333333,50,25,50,40,75,0,83.33333333,75,40,0,9.090909091,50,75,100,100,100,60,0,0,100,100,0,16.66666667,75,25,0,0,100,66.66666667,0,0,100,100,0
1,18,33.33333333,25,50,3.225806452,0,100,0,37.5,100,0,100,0,0,0,0,0,50,33.33333333,0,0,0,0,100,0,0,0,0,0,100,0,0,0,0,0,100,0,60,40,0,0,39.13043478,68.18181818,65.51724138,0
1,19,0,0,0,9.090909091,40,40,33.33333333,0,0,100,0,0,0,100,50,0,0,33.33333333,66.66666667,0,0,66.66666667,60,0,33.33333333,100,50,0,50,0,0,0,0,75,33.33333333,0,25,80,90,0,100,0,100,0
1,20,0,100,0,0,0,0,0,0,0,0,0,16.66666667,100,100,75,40,33.33333333,0,100,75,100,0,0,57.14285714,0,0,0,100,0,0,0,0,50,100,100,0,25,83.33333333,25,50,47.61904762,83.33333333,70.37037037,100
1,21,0,0,50,0,0,0,0,0,0,0,0,0,0,50,100,0,0,0,100,0,0,0,0,0,25,57.14285714,0,0,66.66666667,66.66666667,25,0,16.66666667,33.33333333,16.66666667,0,26.66666667,41.66666667,50,0,37.5,42.85714286,83.33333333,0
1,24,0,0,0,0,0,0,0,0,0,0,0,0,0,100,0,20,0,0,0,0,42.85714286,75,68.18181818,50,0,0,0,0,0,0,0,0,68.75,71.42857143,88.23529412,0,0,0,0,0,0,0,0,0
1,25,0,100,0,0,100,100,0,10,0,66.66666667,33.33333333,7.692307692,23.52941176,72.72727273,22.22222222,8.333333333,50,63.63636364,36.36363636,0,60,81.81818182,75,0,0,100,0,0,0,0,0,0,0,100,0,0,0,0,0,0,0,0,0,0
1,26,0,0,0,0,0,25,0,0,0,100,0,7.692307692,0,50,100,25,0,50,0,0,50,57.14285714,16.66666667,0,0,0,0,0,40,100,75,0,0,60,20,0,50,75,18.75,0,40,33.33333333,66.66666667,0
1,27,0,0,0,0,0,0,0,7.692307692,50,100,50,0,50,100,0,42.85714286,40,0,0,20,40,71.42857143,83.33333333,28.57142857,0,100,100,0,33.33333333,100,100,0,25,75,80,0,100,100,100,0,45.45454545,92.30769231,72.72727273,0
1,29,0,0,0,0,0,0,0,0,0,100,0,12.5,0,0,0,0,0,0,0,0,0,0,0,0,0,0,100,0,0,50,100,0,0,83.33333333,100,0,33.33333333,50,100,0,53.57142857,70.37037037,62.5,0
1,30,0,0,0,0,0,0,0,28.57142857,0,33.33333333,0,8.333333333,33.33333333,33.33333333,0,8.333333333,33.33333333,66.66666667,40,40,40,66.66666667,66.66666667,0,71.42857143,75,75,0,22.22222222,100,71.42857143,0,66.66666667,100,90,0,50,100,75,0,0,0,0,0
1,31,0,66.66666667,0,6.666666667,0,0,0,0,0,100,0,0,0,0,100,0,66.66666667,0,0,0,33.33333333,33.33333333,100,0,20,66.66666667,33.33333333,0,66.66666667,100,0,0,100,83.33333333,100,0,33.33333333,100,25,0,20,85.71428571,66.66666667,0
1,33,0,100,33.33333333,0,0,0,100,0,0,33.33333333,0,21.42857143,50,0,0,11.11111111,33.33333333,100,0,33.33333333,60,66.66666667,50,33.33333333,40,100,80,0,40,83.33333333,75,50,71.42857143,44.44444444,80,66.66666667,0,60,80,0,28.57142857,100,58.33333333,0
1,34,0,0,70,50,100,0,100,0,0,100,60,0,0,100,33.33333333,0,0,0,50,0,0,100,100,16.66666667,100,50,50,0,50,80,66.66666667,0,50,88.88888889,100,25,47.36842105,86.66666667,75,30.76923077,0,0,0,0
1,109,0,0,0,100,0,0,0,0,0,0,0,0,0,25,0,0,33.33333333,0,0,0,75,100,0,0,66.66666667,100,100,0,0,50,0,0,42.85714286,72.72727273,71.42857143,0,33.33333333,81.25,65.38461538,0,100,0,0,0
2,73,50,50,62.5,7.692307692,37.5,100,40,5,100,100,0,50,0,100,0,0,0,0,100,0,0,100,50,0,0,0,0,0,100,100,100,0,100,83.33333333,100,0,50,71.42857143,85.71428571,0,69.23076923,87.5,75,0
2,74,100,50,0,0,0,0,0,0,0,0,0,0,0,0,0,0,0,0,0,0,27.27272727,50,50,14.81481481,0,0,0,0,0,0,0,0,0,0,0,100,0,0,0,0,44.44444444,65.38461538,67.64705882,40
2,77,0,0,0,0,0,100,100,7.692307692,0,100,0,11.11111111,0,100,0,0,0,100,0,0,50,100,50,0,28.57142857,100,50,50,66.66666667,100,100,0,20,60,100,0,0,100,42.85714286,0,36.36363636,76.47058824,60,33.33333333
2,78,0,100,0,100,0,50,0,25,0,100,0,8.333333333,100,0,0,33.33333333,66.66666667,0,0,0,0,0,50,0,0,0,100,33.33333333,33.33333333,66.66666667,25,50,0,33.33333333,80,0,40,66.66666667,61.53846154,0,33.33333333,66.66666667,78.57142857,0
2,79,40,80,40,29.41176471,0,0,0,0,0,0,0,0,50,0,0,0,0,0,0,0,60,60,100,0,0,100,0,0,0,0,0,0,33.33333333,50,100,0,80,60,66.66666667,0,42.10526316,80.95238095,60,33.33333333
2,80,0,0,0,0,0,0,0,0,0,0,0,0,0,0,100,0,0,0,0,0,0,100,0,0,6.666666667,33.33333333,50,0,18.18181818,45.45454545,25,0,50,33.33333333,50,0,0,83.33333333,0,0,0,90,66.66666667,100
2,81,0,50,75,33.33333333,0,0,80,13.33333333,0,100,100,0,0,100,100,25,100,0,100,0,100,100,100,100,100,0,100,100,0,75,0,0,75,100,0,0,33.33333333,100,33.33333333,100,75,84,80,25
2,82,0,0,50,0,0,0,100,0,40,66.66666667,0,6.25,16.66666667,62.5,40,9.090909091,28.57142857,57.14285714,83.33333333,0,14.28571429,66.66666667,50,0,33.33333333,100,100,0,0,100,0,0,50,80,62.5,0,0,0,66.66666667,0,0,100,100,0
2,83,0,0,0,0,0,0,100,0,0,0,0,25,100,100,0,0,0,0,66.66666667,25,0,66.66666667,100,0,0,33.33333333,100,0,50,50,57.14285714,0,9.090909091,87.5,14.28571429,0,28.57142857,75,50,0,20,57.14285714,63.63636364,0
2,84,25,33.33333333,0,50,16.66666667,60,25,6.666666667,0,50,0,0,0,0,0,0,0,0,0,0,0,100,0,0,0,0,0,0,0,100,50,0,0,0,50,0,33.33333333,66.66666667,50,0,23.52941176,64.28571429,42.10526316,12.5
2,85,0,0,0,0,50,0,66.66666667,10.52631579,0,100,66.66666667,0,0,100,100,0,100,100,0,50,0,100,0,0,40,100,0,0,33.33333333,100,100,100,60,100,100,0,71.42857143,100,92.30769231,0,81.25,86.66666667,87.5,0
2,86,0,0,0,0,0,100,0,0,0,0,0,0,0,100,0,0,0,0,0,30,50,0,0,0,50,25,0,0,16.66666667,40,0,0,57.14285714,50,85.71428571,0,20,83.33333333,100,0,25,60,58.82352941,0
2,87,0,50,0,0,0,0,0,0,0,0,0,0,0,0,0,0,0,100,0,0,0,0,0,0,0,0,0,0,0,66.66666667,50,0,0,50,25,0,8.333333333,47.82608696,25,100,0,50,0,0
2,88,0,0,0,0,0,0,0,0,0,0,0,0,0,0,0,0,0,33.33333333,0,0,0,0,0,0,0,0,0,0,0,0,33.33333333,0,0,100,0,0,0,40,80,50,5.555555556,66.66666667,63.63636364,0
2,89,0,0,0,0,0,0,0,0,0,0,0,0,0,0,50,0,0,50,0,0,0,0,0,0,50,0,0,0,0,100,50,0,44.44444444,33.33333333,33.33333333,0,33.33333333,44.44444444,44.44444444,0,26.31578947,50,66.66666667,0
2,90,0,0,0,0,20,100,0,0,0,100,50,25,0,50,0,0,33.33333333,0,0,33.33333333,33.33333333,33.33333333,33.33333333,0,50,100,66.66666667,0,50,33.33333333,0,0,25,60,0,0,50,60,42.85714286,0,33.33333333,71.42857143,57.89473684,0
2,91,0,0,0,0,0,0,0,0,0,0,0,0,0,0,0,0,0,0,0,0,0,0,0,0,0,33.33333333,100,0,50,100,25,0,0,50,0,0,0,33.33333333,40,0,15,60,35.71428571,0
2,92,0,0,50,0,75,66.66666667,100,28.57142857,66.66666667,100,0,66.66666667,100,100,0,20,50,0,100,0,50,50,66.66666667,0,0,57.14285714,100,20,100,100,100,0,75,100,66.66666667,50,33.33333333,100,66.66666667,0,26.66666667,93.75,80,66.66666667
2,93,0,0,100,0,25,100,80,50,0,100,0,16.66666667,0,50,100,50,100,100,0,0,33.33333333,62.5,87.5,42.85714286,0,50,0,0,25,100,66.66666667,0,14.28571429,100,85.71428571,50,100,100,100,0,71.42857143,90,91.66666667,0
2,94,50,100,100,9.090909091,0,0,0,0,0,50,0,0,0,50,0,0,0,0,50,20,0,50,0,0,0,0,100,0,0,33.33333333,100,0,0,40,20,0,37.5,44.44444444,18.18181818,0,31.57894737,41.66666667,44.44444444,0
2,95,0,0,0,0,0,0,100,100,66.66666667,100,100,16.66666667,20,50,50,22.22222222,71.42857143,33.33333333,53.84615385,0,12.5,57.14285714,50,0,0,25,80,0,0,100,0,0,0,25,0,0,100,66.66666667,75,0,25,75,0,25
2,96,0,0,0,0,0,0,0,0,0,0,0,0,9.090909091,25,0,0,0,50,0,0,0,75,85.71428571,0,42.85714286,90.90909091,50,0,33.33333333,55.55555556,72.72727273,33.33333333,33.33333333,62.5,50,0,0,0,0,0,0,0,0,0
2,97,0,100,100,100,100,100,0,77.77777778,0,0,100,50,0,0,0,53.84615385,0,0,0,0,40,100,100,0,66.66666667,50,100,100,100,0,100,0,71.42857143,100,100,75,100,100,100,0,66.66666667,100,90.90909091,33.33333333
2,98,0,0,0,0,50,100,0,15.78947368,0,0,0,0,0,100,100,0,0,0,50,100,50,50,50,0,25,100,33.33333333,0,12.5,57.14285714,50,0,50,63.63636364,42.85714286,100,71.42857143,77.77777778,72.72727273,0,37.5,100,75,0
2,99,0,0,0,0,0,50,0,5.882352941,0,50,0,50,33.33333333,0,0,0,37.5,100,33.33333333,0,37.5,72.72727273,50,0,0,100,33.33333333,0,60,77.77777778,80,100,33.33333333,75,100,0,0,100,77.77777778,100,0,100,50,0
2,100,50,50,0,31.25,33.33333333,80,75,22.22222222,50,71.42857143,85.71428571,14.28571429,100,100,33.33333333,0,66.66666667,100,0,100,0,50,50,100,0,100,100,100,0,100,50,0,66.66666667,50,80,0,0,100,75,0,0,100,0,100
2,101,100,50,100,36.36363636,0,0,0,0,0,0,0,0,0,0,100,33.33333333,0,0,0,0,60,100,80,0,100,100,0,66.66666667,100,100,100,0,85.71428571,66.66666667,80,11.11111111,66.66666667,75,100,66.66666667,66.66666667,53.33333333,72.72727273,75
2,102,0,0,0,0,0,0,0,33.33333333,0,0,0,18.18181818,0,0,0,0,100,100,50,50,25,71.42857143,100,33.33333333,25,0,66.66666667,0,40,0,0,33.33333333,30,75,60,20,45.45454545,86.66666667,64.70588235,33.33333333,66.66666667,80,100,0
2,103,0,0,0,0,0,0,0,0,0,100,0,0,100,0,100,10,0,0,0,0,0,100,33.33333333,0,100,0,0,0,0,0,100,0,50,66.66666667,0,0,36.36363636,92.30769231,100,0,33.33333333,68.42105263,87.5,100
2,104,20,0,100,0,14.28571429,40,20,8,0,57.14285714,66.66666667,0,66.66666667,100,0,0,0,100,0,0,50,75,0,0,0,50,66.66666667,0,66.66666667,0,66.66666667,0,33.33333333,66.66666667,57.14285714,0,0,100,0,0,45.45454545,75,37.5,50
2,105,0,100,66.66666667,0,0,0,0,0,50,100,100,0,0,0,0,100,0,100,0,0,0,100,50,0,100,33.33333333,50,0,0,0,100,50,57.14285714,55.55555556,80,33.33333333,11.11111111,50,70.58823529,0,23.07692308,66.66666667,83.33333333,33.33333333
2,106,0,0,0,0,0,50,75,12.5,0,0,100,0,0,0,0,0,100,0,100,0,0,100,100,0,0,0,0,0,0,0,0,0,50,71.42857143,100,0,48.14814815,80,30,0,50,50,100,0
2,108,0,0,0,0,0,0,0,0,0,0,0,0,0,0,0,0,0,0,0,0,20,33.33333333,100,0,0,0,0,0,0,0,0,0,15.38461538,71.42857143,53.84615385,16.66666667,20,33.33333333,75,20,20,60,29.41176471,0
3,35,50,50,0,0,11.11111111,50,100,0,28.57142857,25,33.33333333,33.33333333,0,60,75,0,0,0,100,0,33.33333333,50,33.33333333,0,50,0,33.33333333,0,0,50,0,0,66.66666667,75,33.33333333,0,0,33.33333333,40,50,50,33.33333333,72.72727273,0
3,36,0,0,100,4.545454545,25,33.33333333,75,12.5,50,50,0,20,0,50,25,0,0,66.66666667,50,100,0,85.71428571,71.42857143,0,0,0,0,0,100,100,50,0,50,100,0,0,0,75,0,0,11.76470588,82.35294118,78.57142857,0
3,37,0,0,0,0,0,0,100,20,0,0,0,0,20,50,100,27.27272727,14.28571429,66.66666667,25,25,100,50,50,20,33.33333333,66.66666667,0,100,55.55555556,44.44444444,71.42857143,0,42.85714286,87.5,75,0,66.66666667,100,60,0,100,100,33.33333333,0
3,38,0,0,0,0,33.33333333,25,33.33333333,0,25,33.33333333,0,11.11111111,18.18181818,25,50,33.33333333,0,100,85.71428571,0,0,28.57142857,50,0,0,40,0,0,66.66666667,50,100,0,0,33.33333333,60,0,0,0,0,0,0,71.42857143,54.54545455,0
3,39,18.18181818,45.45454545,50,7.894736842,50,0,0,0,0,100,0,0,100,66.66666667,100,0,66.66666667,0,50,0,50,66.66666667,33.33333333,0,0,66.66666667,75,0,100,100,33.33333333,0,50,75,25,0,75,100,100,0,80,100,70,100
3,40,0,0,0,0,50,100,0,0,0,0,0,0,0,50,0,0,0,60,60,9.090909091,0,50,40,0,60,70,50,0,28.57142857,80,42.85714286,0,0,75,42.85714286,0,62.5,25,60,100,50,66.66666667,66.66666667,0
3,43,0,0,0,0,0,20,0,7.692307692,0,66.66666667,0,0,0,0,0,0,0,0,0,0,66.66666667,0,100,0,33.33333333,40,0,0,25,33.33333333,0,0,0,33.33333333,20,100,0,70,42.85714286,0,11.11111111,87.5,87.5,0
3,44,0,100,0,0,0,100,100,0,0,66.66666667,100,0,0,75,100,0,28.57142857,75,40,33.33333333,33.33333333,75,62.5,25,0,100,0,0,37.5,100,75,0,50,83.33333333,62.5,0,0,66.66666667,85.71428571,0,0,66.66666667,100,0
3,46,100,0,100,40,60,100,100,35.29411765,0,0,0,50,0,100,100,75,0,100,0,66.66666667,100,80,100,100,0,0,0,0,0,0,0,0,0,100,100,0,33.33333333,100,0,0,74.07407407,96.15384615,92.85714286,0
3,48,0,0,0,0,0,0,25,0,14.28571429,12.5,0,0,25,0,25,0,33.33333333,33.33333333,50,33.33333333,40,70,40,40,66.66666667,80,44.44444444,0,0,0,100,0,14.28571429,0,0,0,100,100,0,0,0,33.33333333,100,0
3,49,0,0,50,9.523809524,0,0,0,0,0,0,0,0,0,0,0,0,0,0,0,0,0,0,0,0,0,0,0,0,0,0,0,0,0,25,50,0,50,33.33333333,100,0,34.48275862,67.85714286,71.42857143,0
3,50,0,0,0,0,0,0,100,0,0,0,0,11.11111111,0,100,100,0,100,0,0,16.66666667,0,50,0,0,33.33333333,0,100,0,20,66.66666667,75,50,8.333333333,40,44.44444444,0,16.66666667,70,66.66666667,0,55.55555556,66.66666667,71.42857143,0
3,51,33.33333333,33.33333333,100,0,33.33333333,75,20,11.11111111,16.66666667,85.71428571,66.66666667,50,0,100,83.33333333,16.66666667,66.66666667,60,80,0,0,100,0,100,0,100,66.66666667,0,0,0,0,0,0,100,33.33333333,0,50,60,100,50,25,75,66.66666667,100
3,52,0,0,0,5.263157895,0,33.33333333,33.33333333,7.142857143,0,80,50,0,0,33.33333333,40,0,0,66.66666667,25,0,0,25,50,0,40,100,33.33333333,0,20,50,50,0,0,75,50,0,100,100,70,0,33.33333333,100,100,100
3,54,0,0,0,0,0,0,0,0,0,16.66666667,0,0,0,40,33.33333333,0,0,0,0,0,0,100,0,0,0,50,33.33333333,0,0,0,0,0,33.33333333,42.85714286,38.46153846,0,0,100,75,0,25,80,70,0
3,55,0,0,0,0,100,100,100,0,33.33333333,50,0,0,14.28571429,50,0,0,0,37.5,0,50,0,66.66666667,0,0,0,75,20,25,0,57.14285714,40,0,50,75,33.33333333,0,33.33333333,50,33.33333333,0,20,100,57.14285714,0
3,56,0,0,0,20,66.66666667,100,0,16.66666667,33.33333333,0,0,12.5,0,0,0,0,0,0,0,0,0,100,100,0,50,0,0,0,0,100,0,0,100,50,66.66666667,0,64.28571429,87.5,80,0,80,93.75,96.66666667,0
3,57,0,100,0,0,0,16.66666667,33.33333333,10.71428571,100,100,0,20,57.14285714,50,0,0,22.22222222,71.42857143,75,0,75,75,100,0,60,66.66666667,100,0,33.33333333,100,100,0,25,100,50,0,20,75,100,0,0,100,92.85714286,0
3,58,0,100,0,0,100,0,0,20,0,100,100,6.666666667,0,100,0,33.33333333,66.66666667,0,0,0,50,100,66.66666667,25,100,0,0,0,0,100,100,0,100,100,100,0,0,0,100,0,73.07692308,86.95652174,68,0
3,59,0,0,100,0,0,0,0,0,0,0,0,0,0,0,0,6.666666667,0,0,0,0,0,50,33.33333333,0,0,0,0,0,0,100,100,0,29.41176471,81.81818182,50,50,15.38461538,83.33333333,64.70588235,0,0,100,50,0
3,60,25,0,0,0,0,75,0,20,0,0,0,33.33333333,0,50,0,0,0,100,0,0,29.41176471,90.90909091,83.33333333,0,66.66666667,100,0,0,0,100,50,0,100,100,100,0,0,100,50,0,16.66666667,77.77777778,71.42857143,0
3,61,0,0,0,0,60,50,66.66666667,12.5,11.11111111,57.14285714,80,21.05263158,0,100,0,25,0,0,0,50,100,100,66.66666667,0,0,0,0,0,0,0,0,0,100,0,0,0,0,0,0,0,63.15789474,84,70.37037037,0
3,62,0,0,0,0,0,0,100,50,100,100,80,21.42857143,50,50,50,33.33333333,66.66666667,100,75,0,0,100,100,0,0,100,100,0,0,100,100,0,25,88.88888889,0,0,33.33333333,85.71428571,80,0,44.44444444,87.5,85.71428571,0
3,63,0,100,0,0,0,50,0,0,0,0,100,0,0,0,0,0,0,60,0,0,50,100,80,50,30,83.33333333,75,0,80,87.5,87.5,0,42.85714286,71.42857143,87.5,100,33.33333333,100,85.71428571,0,0,0,0,0
3,64,0,0,0,33.33333333,0,0,0,0,100,33.33333333,0,0,0,100,0,0,0,0,0,0,0,100,0,0,0,100,60,0,50,0,100,0,0,66.66666667,0,0,20,52.38095238,38.46153846,0,50,100,33.33333333,0
3,65,0,0,100,14.28571429,66.66666667,100,33.33333333,60,0,100,0,0,40,71.42857143,33.33333333,40,100,100,0,100,60,87.5,66.66666667,66.66666667,75,50,66.66666667,0,0,0,0,0,100,75,88.88888889,0,0,0,0,0,66.66666667,80,100,0
3,66,0,0,0,0,25,0,50,0,60,33.33333333,50,50,33.33333333,100,37.5,9.090909091,100,100,0,0,0,66.66666667,100,33.33333333,60,66.66666667,100,0,0,100,50,0,20,50,66.66666667,0,50,100,75,0,28.57142857,50,50,0
3,67,100,0,0,0,33.33333333,0,100,9.090909091,33.33333333,100,66.66666667,0,66.66666667,83.33333333,100,0,25,66.66666667,33.33333333,100,0,50,100,0,0,83.33333333,40,0,100,100,0,0,33.33333333,33.33333333,33.33333333,0,0,50,0,0,44.44444444,71.42857143,77.77777778,0
3,68,0,0,0,0,0,20,12.5,0,0,0,0,0,0,0,50,0,0,0,25,0,0,0,0,0,0,0,0,25,0,14.28571429,0,0,0,0,40,0,0,0,0,0,0,0,33.33333333,0
3,69,0,10,0,0,0,0,0,0,0,100,0,33.33333333,100,0,0,0,25,0,0,0,16.66666667,100,60,16.66666667,66.66666667,40,25,0,40,100,33.33333333,0,100,75,50,0,33.33333333,75,40,0,0,66.66666667,66.66666667,0
3,70,0,0,0,0,0,75,100,21.05263158,0,100,100,33.33333333,100,0,50,0,0,0,0,0,0,0,0,0,100,50,33.33333333,0,66.66666667,100,66.66666667,66.66666667,60,50,33.33333333,0,58.33333333,71.42857143,100,0,46.15384615,75,76.47058824,0
3,71,0,100,0,0,50,100,50,0,0,0,0,16.66666667,0,0,100,25,0,100,0,14.28571429,0,100,100,40,100,66.66666667,40,0,28.57142857,100,60,0,42.85714286,20,100,100,16.66666667,50,100,0,27.27272727,84.21052632,69.23076923,0
4,114,0,0,0,0,0,33.33333333,20,0,0,28.57142857,20,0,0,50,0,0,0,0,0,0,0,33.33333333,0,0,0,0,0,0,25,40,66.66666667,0,10,66.66666667,20,0,25,66.66666667,77.77777778,0,100,100,100,0
4,115,0,0,0,0,0,0,0,20,0,0,100,50,100,0,0,33.33333333,66.66666667,0,0,25,50,100,100,60,100,50,100,100,50,100,83.33333333,100,85.71428571,83.33333333,75,50,71.42857143,84.61538462,88.88888889,0,66.66666667,77.77777778,100,0
4,116,0,100,0,0,16.66666667,100,0,10,40,33.33333333,37.5,0,0,50,0,0,0,100,80,0,0,100,0,0,0,100,0,0,0,0,0,0,0,0,100,0,50,100,0,0,11.11111111,30,35.29411765,0
4,117,0,0,100,0,0,0,0,0,0,0,0,0,0,100,0,25,50,50,100,0,0,100,80,0,25,100,66.66666667,0,22.22222222,100,66.66666667,0,0,75,57.14285714,0,100,0,0,0,26.66666667,76.47058824,55.55555556,8.333333333
4,118,0,0,0,0,0,0,0,0,0,0,0,0,0,100,0,0,0,0,0,0,0,0,0,0,0,0,100,33.33333333,0,0,50,0,0,0,0,12.5,0,20,50,28.57142857,30,80,48.38709677,0
4,119,50,100,60,0,0,0,50,0,100,33.33333333,0,20,0,0,0,0,0,0,100,0,0,0,0,0,0,0,0,0,0,0,0,0,0,100,0,0,0,0,0,100,28.57142857,70.96774194,75,32
4,120,0,0,66.66666667,0,33.33333333,75,100,47.61904762,100,100,0,0,0,50,100,0,25,0,50,0,75,100,100,0,0,100,100,0,0,100,100,0,25,50,71.42857143,0,57.14285714,100,0,0,40,83.33333333,43.75,50
4,121,0,66.66666667,50,23.07692308,80,80,50,0,0,50,0,0,100,100,100,0,0,100,0,0,0,0,0,0,100,0,0,0,100,100,0,100,66.66666667,100,100,66.66666667,50,100,66.66666667,50,63.15789474,94.73684211,88.88888889,50
4,122,0,66.66666667,0,27.27272727,50,0,0,25,0,50,0,28.57142857,0,0,0,0,0,0,0,0,0,83.33333333,100,42.85714286,0,0,0,0,0,0,0,0,100,100,100,75,100,50,75,0,67.85714286,83.33333333,86.66666667,0
4,123,18.18181818,33.33333333,28.57142857,0,0,50,33.33333333,0,0,0,0,0,0,0,0,0,0,33.33333333,100,0,0,0,0,0,25,0,75,0,0,50,0,0,0,33.33333333,0,0,0,71.42857143,25,100,0,28.57142857,40,0
4,124,12.5,0,25,0,0,66.66666667,66.66666667,11.11111111,16.66666667,80,50,0,0,50,0,0,33.33333333,83.33333333,50,0,20,75,57.14285714,0,25,100,50,0,25,50,33.33333333,0,50,75,66.66666667,0,0,50,0,0,0,100,100,0
4,125,0,0,0,20,0,100,100,25,0,100,33.33333333,0,100,100,50,0,0,50,0,25,0,83.33333333,50,0,33.33333333,100,100,50,20,66.66666667,80,0,33.33333333,100,100,16.66666667,60,100,85.71428571,50,28.57142857,66.66666667,60,100
4,126,0,50,0,25,0,0,0,0,0,0,0,0,0,0,0,0,0,0,0,0,0,0,0,0,0,0,0,0,0,0,0,0,0,0,0,0,0,100,0,0,52.5,78.37837838,78.94736842,28.57142857
4,127,0,100,100,50,66.66666667,100,66.66666667,33.33333333,66.66666667,33.33333333,0,0,0,50,100,0,0,100,100,50,0,100,100,100,50,0,0,100,60,100,100,66.66666667,50,100,50,50,66.66666667,75,80,33.33333333,56.25,100,82.35294118,50
4,128,0,100,100,0,0,0,0,0,0,0,0,0,0,33.33333333,50,25,25,100,50,0,28.57142857,40,0,11.11111111,12.5,22.22222222,75,0,0,33.33333333,60,0,30,77.77777778,33.33333333,0,0,80,80,0,0,100,66.66666667,0
4,129,0,25,0,0,0,0,0,0,0,0,0,0,0,0,0,0,0,0,0,0,0,66.66666667,0,25,0,100,0,0,0,0,0,0,50,0,0,50,33.33333333,80,66.66666667,0,48.38709677,96.2962963,86.48648649,31.81818182
4,130,0,0,0,0,0,100,0,11.76470588,0,0,0,16.66666667,0,0,0,0,50,50,0,60,100,50,100,0,18.18181818,100,100,25,66.66666667,80,57.14285714,0,0,75,50,0,50,72.72727273,66.66666667,0,66.66666667,60,61.53846154,0
4,131,25,0,50,0,0,0,0,0,0,0,0,0,0,0,0,0,0,0,0,0,0,100,100,0,0,0,0,0,0,0,0,0,0,0,0,0,0,0,0,0,8,46.15384615,25,0
4,132,0,0,0,0,0,100,100,33.33333333,100,0,0,55.55555556,33.33333333,100,100,41.66666667,100,60,100,50,62.5,100,100,75,40,75,100,100,66.66666667,100,88.88888889,0,100,87.5,87.5,0,75,85.71428571,72.72727273,0,50,100,100,0
4,133,0,0,0,0,0,0,0,0,0,0,0,0,0,66.66666667,100,0,0,0,50,0,0,0,0,0,0,100,0,0,33.33333333,0,0,0,0,50,20,0,42.85714286,71.42857143,60,0,0,68.75,50,11.76470588
4,134,0,100,0,0,100,0,33.33333333,20,50,66.66666667,100,71.42857143,0,0,0,50,0,100,0,0,75,0,100,0,66.66666667,100,0,25,50,100,100,50,42.85714286,100,75,0,50,100,100,25,53.33333333,95.23809524,70,100
4,135,100,0,50,0,33.33333333,14.28571429,0,0,16.66666667,0,71.42857143,12.5,10,50,50,0,16.66666667,100,75,0,0,66.66666667,66.66666667,0,16.66666667,60,0,0,0,66.66666667,14.28571429,0,0,66.66666667,66.66666667,0,0,0,33.33333333,0,0,100,100,0
4,136,60,0,71.42857143,13.33333333,0,0,0,0,0,0,0,0,0,0,100,0,0,0,0,0,30,100,50,20,0,0,0,0,0,0,0,0,100,100,100,50,0,100,0,0,35.29411765,83.33333333,79.31034483,33.33333333
4,137,0,0,33.33333333,10,40,71.42857143,50,50,25,60,57.14285714,25,0,66.66666667,50,0,33.33333333,33.33333333,66.66666667,0,100,66.66666667,50,0,50,50,100,0,40,60,33.33333333,0,66.66666667,100,100,42.85714286,0,100,33.33333333,100,0,100,100,0
4,138,0,0,0,20,0,66.66666667,0,6.666666667,0,0,0,0,0,0,50,66.66666667,0,0,0,50,50,0,0,50,0,50,50,66.66666667,0,66.66666667,0,0,50,75,57.14285714,0,45.45454545,90,54.54545455,50,27.27272727,88.88888889,70,50
4,139,0,0,0,0,0,0,0,0,0,0,0,0,0,0,0,0,0,0,0,0,16.66666667,0,50,33.33333333,50,42.85714286,0,0,0,0,50,33.33333333,0,57.14285714,0,0,0,0,33.33333333,0,0,42.10526316,25,0
4,141,0,0,0,0,0,0,50,0,0,0,16.66666667,0,0,100,25,0,0,50,0,0,50,71.42857143,0,0,0,40,0,0,0,50,33.33333333,20,0,57.14285714,0,0,33.33333333,66.66666667,100,50,0,66.66666667,66.66666667,0
4,142,0,0,0,0,0,100,0,0,0,0,0,33.33333333,0,50,0,0,50,0,0,0,75,50,33.33333333,9.090909091,0,100,25,0,25,75,66.66666667,0,16.66666667,83.33333333,66.66666667,0,33.33333333,77.77777778,33.33333333,0,61.53846154,100,64.70588235,0
4,143,0,50,0,0,0,25,33.33333333,0,0,0,0,0,20,50,0,0,0,20,0,0,0,40,0,0,50,0,20,0,0,75,25,0,28.57142857,25,50,0,0,50,33.33333333,0,0,0,0,0
4,144,50,33.33333333,100,0,42.85714286,0,0,0,0,0,0,33.33333333,100,0,0,0,50,100,100,0,12.5,100,80,0,0,66.66666667,66.66666667,0,100,83.33333333,0,100,0,83.33333333,50,0,0,66.66666667,66.66666667,0,33.33333333,66.66666667,66.66666667,0
4,145,0,14.28571429,0,0,0,0,0,0,0,0,0,0,40,80,0,0,0,100,0,0,16.66666667,75,66.66666667,0,0,100,100,0,100,100,60,0,0,88.88888889,42.85714286,0,0,100,75,0,50,71.42857143,63.63636364,0
4,146,0,0,0,0,33.33333333,50,0,0,0,100,0,33.33333333,66.66666667,100,0,50,57.14285714,0,100,14.28571429,50,87.5,87.5,33.33333333,50,100,66.66666667,0,50,100,100,40,25,100,75,0,100,100,100,0,42.85714286,92.30769231,85.71428571,0
4,147,0,0,0,0,100,100,100,0,44.44444444,85.71428571,87.5,30.43478261,36,80.76923077,96.42857143,43.75,25,50,100,0,0,100,0,0,0,0,0,0,0,0,0,0,0,0,0,0,0,0,0,0,0,0,0,0
4,148,0,0,0,0,33.33333333,0,100,0,50,25,100,8.333333333,0,100,0,0,0,40,100,0,33.33333333,50,50,0,0,33.33333333,45.45454545,0,20,66.66666667,87.5,0,100,33.33333333,66.66666667,0,0,0,0,0,0,0,0,0
4,150,0,0,0,40,0,0,0,0,0,0,0,25,100,100,100,0,33.33333333,66.66666667,100,0,16.66666667,83.33333333,100,0,100,100,60,0,50,100,100,0,66.66666667,75,80,0,0,100,80,25,54.54545455,72.72727273,78.57142857,50
4,151,0,0,20,0,0,0,0,0,0,0,0,0,0,0,0,0,0,0,0,0,0,0,100,0,0,0,0,0,0,0,0,0,0,0,0,0,0,0,0,0,10.52631579,36.36363636,21.875,0
4,152,0,100,50,0,15.38461538,58.33333333,14.28571429,0,0,0,0,0,0,33.33333333,50,0,0,100,100,0,50,60,50,0,0,100,60,0,100,0,50,0,40,0,75,0,0,57.14285714,16.66666667,0,0,0,0,0
4,153,0,0,0,14.28571429,0,0,0,0,0,0,0,33.33333333,0,100,0,0,0,100,0,0,25,100,75,0,36.36363636,100,80,0,66.66666667,87.5,55.55555556,0,56.25,80.95238095,66.66666667,0,0,100,80,0,0,0,0,0
4,154,0,75,50,0,14.28571429,66.66666667,16.66666667,6.25,0,50,60,0,30,100,42.85714286,0,40,100,25,0,0,75,37.5,0,0,75,50,0,33.33333333,75,33.33333333,0,50,75,100,0,100,0,100,0,100,0,0,0
4,(blank),,,,,,,,,,,,,,,,,,,,,,,,,,,,,,,,,,,,,,,,,,,,
4,(blank),,,,,,,,,,,,,,,,,,,,,,,,,,,,,,,,,,,,,,,,,,,,
